<manifest alg="2" build="2018.0.0.379" opt="true" iceEnabled="true" iceMarkupVersion="2" iceEnabledOptions="link,responsive,cachebuster,textStyling" exportTarget="other" domain="ssk12.com" resolutions="1x" timestamp="1586943239474">
  <folder name="css">
    <file name="site_global.css" crc="444006867"/>
    <file name="index.css" crc="4019588479" ref="index"/>
    <file name="human-resources.css" crc="122749095" ref="human-resources"/>
    <file name="general-operations.css" crc="122749095" ref="general-operations"/>
    <file name="it.css" crc="122749095" ref="it"/>
    <file name="services.css" crc="4047392912" ref="services"/>
    <file name="programs.css" crc="169482022" ref="programs"/>
    <file name="school-site-operations.css" crc="122749095" ref="school-site-operations"/>
    <file name="student-support-services.css" crc="4003722103" ref="student-support-services"/>
    <file name="partners.css" crc="4206382553" ref="partners"/>
    <file name="contact-us.css" crc="28600303" ref="contact-us"/>
    <file name="project-management.css" crc="122749095" ref="project-management"/>
    <file name="solustions.css" crc="4063489465" ref="solustions"/>
    <file name="businessfinance.css" crc="4041907747" ref="businessfinance"/>
    <file name="information-integration-services.css" crc="122749095" ref="information-integration-services"/>
    <file name="consultation-for-change-management---process-improvement.css" crc="122749095" ref="consultation-for-change-management---process-improvement"/>
    <file name="channel-partner-program.css" crc="122749095" ref="channel-partner-program"/>
    <file name="new-application-development.css" crc="122749095" ref="new-application-development"/>
    <file name="innovation-sharing-payback-program-_ispp_.css" crc="122749095" ref="innovation-sharing-payback-program-(ispp)"/>
    <file name="leadership-innovation-council-_lic_.css" crc="122749095" ref="leadership-innovation-council-(lic)"/>
    <file name="nomq_index.css" crc="517935477" ref="index"/>
  </folder>
  <folder name="scripts">
    <file name="jquery-1.8.3.min.js" crc="209076791" ref="index:solustions:services:programs:partners:contact-us:businessfinance:student-support-services:human-resources:general-operations:it:school-site-operations:project-management:new-application-development:information-integration-services:consultation-for-change-management---process-improvement:channel-partner-program:leadership-innovation-council-(lic):innovation-sharing-payback-program-(ispp)"/>
    <file name="museutils.js" crc="3803043152" ref="index:solustions:services:programs:partners:contact-us:businessfinance:student-support-services:human-resources:general-operations:it:school-site-operations:project-management:new-application-development:information-integration-services:consultation-for-change-management---process-improvement:channel-partner-program:leadership-innovation-council-(lic):innovation-sharing-payback-program-(ispp)"/>
    <file name="whatinput.js" crc="86476730" ref="index:solustions:services:programs:partners:contact-us:businessfinance:student-support-services:human-resources:general-operations:it:school-site-operations:project-management:new-application-development:information-integration-services:consultation-for-change-management---process-improvement:channel-partner-program:leadership-innovation-council-(lic):innovation-sharing-payback-program-(ispp)"/>
    <file name="museconfig.js" crc="4153641093" ref="index:solustions:services:programs:partners:contact-us:businessfinance:student-support-services:human-resources:general-operations:it:school-site-operations:project-management:new-application-development:information-integration-services:consultation-for-change-management---process-improvement:channel-partner-program:leadership-innovation-council-(lic):innovation-sharing-payback-program-(ispp)"/>
    <file name="jquery.watch.js" crc="99325471" ref="index:solustions:services:programs:partners:contact-us:businessfinance:student-support-services:human-resources:general-operations:it:school-site-operations:project-management:new-application-development:information-integration-services:consultation-for-change-management---process-improvement:channel-partner-program:leadership-innovation-council-(lic):innovation-sharing-payback-program-(ispp)"/>
    <file name="require.js" crc="4157109226" ref="index:solustions:services:programs:partners:contact-us:businessfinance:student-support-services:human-resources:general-operations:it:school-site-operations:project-management:new-application-development:information-integration-services:consultation-for-change-management---process-improvement:channel-partner-program:leadership-innovation-council-(lic):innovation-sharing-payback-program-(ispp)"/>
    <file name="jquery.musemenu.js" crc="3784699396" ref="index:businessfinance"/>
    <file name="html5shiv.js" crc="4241844378" ref="index:solustions:services:programs:partners:contact-us:businessfinance:student-support-services:human-resources:general-operations:it:school-site-operations:project-management:new-application-development:information-integration-services:consultation-for-change-management---process-improvement:channel-partner-program:leadership-innovation-council-(lic):innovation-sharing-payback-program-(ispp)"/>
    <file name="jquery.museresponsive.js" crc="3955820958" ref="index"/>
    <file name="webpro.js" crc="242022427" ref="student-support-services"/>
    <file name="musewpslideshow.js" crc="457073769" ref="student-support-services"/>
    <file name="jquery.museoverlay.js" crc="483674903" ref="student-support-services"/>
    <file name="touchswipe.js" crc="4066113679" ref="student-support-services"/>
  </folder>
  <folder name="images">
    <file name="homepage4 for muse-矩形 2 拷贝 2c.png" crc="339026338" seo="true" ref="index">
      <caption webpage="index" alt=""/>
      <caption webpage="index" alt=""/>
    </file>
    <file name="homepage4 for muse-picturec.png" crc="4281792310" seo="true" ref="index">
      <caption webpage="index" alt=""/>
      <caption webpage="index" alt=""/>
    </file>
    <file name="u1727-4.png" crc="483590527" ref="index"/>
    <file name="u1734-6.png" crc="403206227" ref="index"/>
    <file name="homepage4 for muse-logoc.png" crc="4163636652" seo="true" ref="index">
      <caption webpage="index" alt=""/>
      <caption webpage="index" alt=""/>
      <caption webpage="index" alt=""/>
      <caption webpage="index" alt=""/>
    </file>
    <file name="homepage4 for muse-solutionsc.png" crc="246967065" seo="true" ref="index">
      <caption webpage="index" alt=""/>
      <caption webpage="index" alt=""/>
      <caption webpage="index" alt=""/>
      <caption webpage="index" alt=""/>
    </file>
    <file name="homepage4 for muse-servicesc.png" crc="325765462" seo="true" ref="index">
      <caption webpage="index" alt=""/>
      <caption webpage="index" alt=""/>
      <caption webpage="index" alt=""/>
      <caption webpage="index" alt=""/>
    </file>
    <file name="homepage4 for muse-programsc.png" crc="3908588983" seo="true" ref="index">
      <caption webpage="index" alt=""/>
      <caption webpage="index" alt=""/>
      <caption webpage="index" alt=""/>
      <caption webpage="index" alt=""/>
    </file>
    <file name="homepage4 for muse-contact usc.png" crc="4195193781" seo="true" ref="index">
      <caption webpage="index" alt=""/>
      <caption webpage="index" alt=""/>
      <caption webpage="index" alt=""/>
      <caption webpage="index" alt=""/>
    </file>
    <file name="homepage4 for muse-request a democ.png" crc="4082588796" seo="true" ref="index">
      <caption webpage="index" alt=""/>
      <caption webpage="index" alt=""/>
      <caption webpage="index" alt=""/>
      <caption webpage="index" alt=""/>
    </file>
    <file name="homepage4 for muse-图层 418c.png" crc="498323370" seo="true" ref="index">
      <caption webpage="index" alt=""/>
      <caption webpage="index" alt=""/>
      <caption webpage="index" alt=""/>
      <caption webpage="index" alt=""/>
    </file>
    <file name="homepage4 for muse-图层 34c.jpg" crc="3903425393" seo="true" ref="index">
      <caption webpage="index" alt=""/>
      <caption webpage="index" alt=""/>
    </file>
    <file name="homepage4 for muse-provide the best roi business process automation platform(bpap)c.png" crc="4266028642" seo="true" ref="index">
      <caption webpage="index" alt=""/>
      <caption webpage="index" alt=""/>
      <caption webpage="index" alt=""/>
      <caption webpage="index" alt=""/>
    </file>
    <file name="homepage4 for muse-missionc.png" crc="3860999249" seo="true" ref="index">
      <caption webpage="index" alt=""/>
      <caption webpage="index" alt=""/>
      <caption webpage="index" alt=""/>
      <caption webpage="index" alt=""/>
    </file>
    <file name="homepage4 for muse-our solutionsc.png" crc="72599952" seo="true" ref="index">
      <caption webpage="index" alt=""/>
      <caption webpage="index" alt=""/>
      <caption webpage="index" alt=""/>
      <caption webpage="index" alt=""/>
    </file>
    <file name="homepage4 for muse-realtime asset management and asset status trackingc.png" crc="258874444" seo="true" ref="index">
      <caption webpage="index" alt=""/>
      <caption webpage="index" alt=""/>
      <caption webpage="index" alt=""/>
      <caption webpage="index" alt=""/>
    </file>
    <file name="homepage4 for muse-assetc.png" crc="51164744" seo="true" ref="index">
      <caption webpage="index" alt=""/>
      <caption webpage="index" alt=""/>
      <caption webpage="index" alt=""/>
      <caption webpage="index" alt=""/>
    </file>
    <file name="homepage4 for muse-internet conferencing -collaborationc.png" crc="78780796" seo="true" ref="index">
      <caption webpage="index" alt=""/>
      <caption webpage="index" alt=""/>
      <caption webpage="index" alt=""/>
      <caption webpage="index" alt=""/>
    </file>
    <file name="homepage4 for muse-meetingc.png" crc="4199162497" seo="true" ref="index">
      <caption webpage="index" alt=""/>
      <caption webpage="index" alt=""/>
      <caption webpage="index" alt=""/>
      <caption webpage="index" alt=""/>
    </file>
    <file name="homepage4 for muse-office utilitiesc.png" crc="124909483" seo="true" ref="index">
      <caption webpage="index" alt=""/>
      <caption webpage="index" alt=""/>
      <caption webpage="index" alt=""/>
      <caption webpage="index" alt=""/>
    </file>
    <file name="homepage4 for muse-officec.png" crc="3774403216" seo="true" ref="index">
      <caption webpage="index" alt=""/>
      <caption webpage="index" alt=""/>
      <caption webpage="index" alt=""/>
      <caption webpage="index" alt=""/>
    </file>
    <file name="homepage4 for muse-help-desk supportc.png" crc="382770373" seo="true" ref="index">
      <caption webpage="index" alt=""/>
      <caption webpage="index" alt=""/>
      <caption webpage="index" alt=""/>
      <caption webpage="index" alt=""/>
    </file>
    <file name="homepage4 for muse-supportc.png" crc="308637425" seo="true" ref="index">
      <caption webpage="index" alt=""/>
      <caption webpage="index" alt=""/>
      <caption webpage="index" alt=""/>
      <caption webpage="index" alt=""/>
    </file>
    <file name="homepage4 for muse-on-line wfh training videosc.png" crc="136327552" seo="true" ref="index">
      <caption webpage="index" alt=""/>
      <caption webpage="index" alt=""/>
      <caption webpage="index" alt=""/>
      <caption webpage="index" alt=""/>
    </file>
    <file name="homepage4 for muse-playc.png" crc="3889274720" seo="true" ref="index">
      <caption webpage="index" alt=""/>
      <caption webpage="index" alt=""/>
      <caption webpage="index" alt=""/>
      <caption webpage="index" alt=""/>
    </file>
    <file name="homepage4 for muse-web-enabled essential business operationsc.png" crc="4057749858" seo="true" ref="index">
      <caption webpage="index" alt=""/>
      <caption webpage="index" alt=""/>
      <caption webpage="index" alt=""/>
      <caption webpage="index" alt=""/>
    </file>
    <file name="homepage4 for muse-webc.png" crc="3984242533" seo="true" ref="index">
      <caption webpage="index" alt=""/>
      <caption webpage="index" alt=""/>
      <caption webpage="index" alt=""/>
      <caption webpage="index" alt=""/>
    </file>
    <file name="homepage4 for muse-矩形 13c.png" crc="472520193" seo="true" ref="index">
      <caption webpage="index" alt=""/>
      <caption webpage="index" alt=""/>
      <caption webpage="index" alt=""/>
      <caption webpage="index" alt=""/>
    </file>
    <file name="homepage4 for muse-矩形 13 拷贝 3c.png" crc="472520193" seo="true" ref="index">
      <caption webpage="index" alt=""/>
      <caption webpage="index" alt=""/>
      <caption webpage="index" alt=""/>
      <caption webpage="index" alt=""/>
    </file>
    <file name="homepage4 for muse-矩形 13 拷贝c.png" crc="460162251" seo="true" ref="index">
      <caption webpage="index" alt=""/>
      <caption webpage="index" alt=""/>
      <caption webpage="index" alt=""/>
      <caption webpage="index" alt=""/>
    </file>
    <file name="homepage4 for muse-矩形 1 拷贝 9c.png" crc="3921660238" seo="true" ref="index">
      <caption webpage="index" alt=""/>
      <caption webpage="index" alt=""/>
    </file>
    <file name="homepage4 for muse-consultation for change management - process improvementc.png" crc="911744" seo="true" ref="index">
      <caption webpage="index" alt=""/>
      <caption webpage="index" alt=""/>
      <caption webpage="index" alt=""/>
      <caption webpage="index" alt=""/>
    </file>
    <file name="homepage4 for muse-information integration servicesc.png" crc="420057272" seo="true" ref="index">
      <caption webpage="index" alt=""/>
      <caption webpage="index" alt=""/>
      <caption webpage="index" alt=""/>
      <caption webpage="index" alt=""/>
    </file>
    <file name="homepage4 for muse-new application developmentc.png" crc="4103013772" seo="true" ref="index">
      <caption webpage="index" alt=""/>
      <caption webpage="index" alt=""/>
      <caption webpage="index" alt=""/>
      <caption webpage="index" alt=""/>
    </file>
    <file name="homepage4 for muse-图层 11c.png" crc="4046265382" seo="true" ref="index">
      <caption webpage="index" alt=""/>
      <caption webpage="index" alt=""/>
      <caption webpage="index" alt=""/>
      <caption webpage="index" alt=""/>
    </file>
    <file name="homepage4 for muse-图层 16c.png" crc="4158950557" seo="true" ref="index">
      <caption webpage="index" alt=""/>
      <caption webpage="index" alt=""/>
      <caption webpage="index" alt=""/>
      <caption webpage="index" alt=""/>
    </file>
    <file name="homepage4 for muse-图层 10c.png" crc="4156285619" seo="true" ref="index">
      <caption webpage="index" alt=""/>
      <caption webpage="index" alt=""/>
      <caption webpage="index" alt=""/>
      <caption webpage="index" alt=""/>
    </file>
    <file name="homepage4 for muse-our servicesc.png" crc="114590729" seo="true" ref="index">
      <caption webpage="index" alt=""/>
      <caption webpage="index" alt=""/>
      <caption webpage="index" alt=""/>
      <caption webpage="index" alt=""/>
    </file>
    <file name="homepage4 for muse-15c.png" crc="191815540" seo="true" ref="index">
      <caption webpage="index" alt=""/>
      <caption webpage="index" alt=""/>
      <caption webpage="index" alt=""/>
      <caption webpage="index" alt=""/>
    </file>
    <file name="homepage4 for muse-in the k-12 community for over 15 yearsc.png" crc="24779156" seo="true" ref="index">
      <caption webpage="index" alt=""/>
      <caption webpage="index" alt=""/>
      <caption webpage="index" alt=""/>
      <caption webpage="index" alt=""/>
    </file>
    <file name="homepage4 for muse-background - experiencec.png" crc="7931804" seo="true" ref="index">
      <caption webpage="index" alt=""/>
      <caption webpage="index" alt=""/>
      <caption webpage="index" alt=""/>
      <caption webpage="index" alt=""/>
    </file>
    <file name="homepage4 for muse-95c.png" crc="444197152" seo="true" ref="index">
      <caption webpage="index" alt=""/>
      <caption webpage="index" alt=""/>
      <caption webpage="index" alt=""/>
      <caption webpage="index" alt=""/>
    </file>
    <file name="homepage4 for muse-we have a 95- client retention ratec.png" crc="268277734" seo="true" ref="index">
      <caption webpage="index" alt=""/>
      <caption webpage="index" alt=""/>
      <caption webpage="index" alt=""/>
      <caption webpage="index" alt=""/>
    </file>
    <file name="homepage4 for muse-about usc.png" crc="191921104" seo="true" ref="index">
      <caption webpage="index" alt=""/>
      <caption webpage="index" alt=""/>
      <caption webpage="index" alt=""/>
      <caption webpage="index" alt=""/>
    </file>
    <file name="homepage4 for muse-30c.png" crc="4239887106" seo="true" ref="index">
      <caption webpage="index" alt=""/>
      <caption webpage="index" alt=""/>
      <caption webpage="index" alt=""/>
      <caption webpage="index" alt=""/>
    </file>
    <file name="homepage4 for muse-working with districts-organizations in over 30 statesc.png" crc="109276323" seo="true" ref="index">
      <caption webpage="index" alt=""/>
      <caption webpage="index" alt=""/>
      <caption webpage="index" alt=""/>
      <caption webpage="index" alt=""/>
    </file>
    <file name="homepage4 for muse-圆角矩形 2c.png" crc="280325546" seo="true" ref="index">
      <caption webpage="index" alt=""/>
      <caption webpage="index" alt=""/>
      <caption webpage="index" alt=""/>
      <caption webpage="index" alt=""/>
    </file>
    <file name="homepage4 for muse-圆角矩形 3 拷贝 2c.png" crc="410434721" seo="true" ref="index">
      <caption webpage="index" alt=""/>
      <caption webpage="index" alt=""/>
      <caption webpage="index" alt=""/>
      <caption webpage="index" alt=""/>
    </file>
    <file name="homepage4 for muse-色彩平衡 2c.png" crc="183557682" seo="true" ref="index">
      <caption webpage="index" alt=""/>
      <caption webpage="index" alt=""/>
      <caption webpage="index" alt=""/>
      <caption webpage="index" alt=""/>
    </file>
    <file name="homepage4 for muse--ferguson-florissant school district, missouric.png" crc="4134312521" seo="true" ref="index">
      <caption webpage="index" alt=""/>
      <caption webpage="index" alt=""/>
      <caption webpage="index" alt=""/>
      <caption webpage="index" alt=""/>
    </file>
    <file name="homepage4 for muse-“schoolstreamcn has allowed me to screen, review and send out c.png" crc="4053153230" seo="true" ref="index">
      <caption webpage="index" alt=""/>
      <caption webpage="index" alt=""/>
      <caption webpage="index" alt=""/>
      <caption webpage="index" alt=""/>
    </file>
    <file name="homepage4 for muse-圆角矩形 3 拷贝c.png" crc="410434721" seo="true" ref="index">
      <caption webpage="index" alt=""/>
      <caption webpage="index" alt=""/>
      <caption webpage="index" alt=""/>
      <caption webpage="index" alt=""/>
    </file>
    <file name="homepage4 for muse-色彩平衡 2 拷贝c.png" crc="3970330204" seo="true" ref="index">
      <caption webpage="index" alt=""/>
      <caption webpage="index" alt=""/>
      <caption webpage="index" alt=""/>
      <caption webpage="index" alt=""/>
    </file>
    <file name="homepage4 for muse--chippewa valley schools, michiganc.png" crc="4255711203" seo="true" ref="index">
      <caption webpage="index" alt=""/>
      <caption webpage="index" alt=""/>
      <caption webpage="index" alt=""/>
      <caption webpage="index" alt=""/>
    </file>
    <file name="homepage4 for muse-“this application system is one of the easiest systems our disc.png" crc="210130960" seo="true" ref="index">
      <caption webpage="index" alt=""/>
      <caption webpage="index" alt=""/>
      <caption webpage="index" alt=""/>
      <caption webpage="index" alt=""/>
    </file>
    <file name="homepage4 for muse-圆角矩形 3c.png" crc="410434721" seo="true" ref="index">
      <caption webpage="index" alt=""/>
      <caption webpage="index" alt=""/>
      <caption webpage="index" alt=""/>
      <caption webpage="index" alt=""/>
    </file>
    <file name="homepage4 for muse-色彩平衡 2 拷贝 2c.png" crc="55790602" seo="true" ref="index">
      <caption webpage="index" alt=""/>
      <caption webpage="index" alt=""/>
      <caption webpage="index" alt=""/>
      <caption webpage="index" alt=""/>
    </file>
    <file name="homepage4 for muse--cambridge public schools, massachusettsc.png" crc="4268630894" seo="true" ref="index">
      <caption webpage="index" alt=""/>
      <caption webpage="index" alt=""/>
      <caption webpage="index" alt=""/>
      <caption webpage="index" alt=""/>
    </file>
    <file name="homepage4 for muse-“our application rate doubled the first year we implemented thc.png" crc="395286423" seo="true" ref="index">
      <caption webpage="index" alt=""/>
      <caption webpage="index" alt=""/>
      <caption webpage="index" alt=""/>
      <caption webpage="index" alt=""/>
    </file>
    <file name="homepage4 for muse-learn morec.png" crc="13652800" seo="true" ref="index">
      <caption webpage="index" alt=""/>
      <caption webpage="index" alt=""/>
      <caption webpage="index" alt=""/>
      <caption webpage="index" alt=""/>
    </file>
    <file name="homepage4 for muse-case studies - testimonialsc.png" crc="262343277" seo="true" ref="index">
      <caption webpage="index" alt=""/>
      <caption webpage="index" alt=""/>
      <caption webpage="index" alt=""/>
      <caption webpage="index" alt=""/>
    </file>
    <file name="homepage4 for muse-bottom1c.png" crc="471551454" seo="true" ref="index">
      <caption webpage="index" alt=""/>
      <caption webpage="index" alt=""/>
      <caption webpage="index" alt=""/>
      <caption webpage="index" alt=""/>
    </file>
    <file name="homepage4 for muse-图层 27c.png" crc="4146223334" seo="true" ref="index">
      <caption webpage="index" alt=""/>
      <caption webpage="index" alt=""/>
      <caption webpage="index" alt=""/>
      <caption webpage="index" alt=""/>
    </file>
    <file name="homepage4 for muse-图层 26c.png" crc="317547235" seo="true" ref="index">
      <caption webpage="index" alt=""/>
      <caption webpage="index" alt=""/>
      <caption webpage="index" alt=""/>
      <caption webpage="index" alt=""/>
    </file>
    <file name="homepage4 for muse-图层 28c.png" crc="480698469" seo="true" ref="index">
      <caption webpage="index" alt=""/>
      <caption webpage="index" alt=""/>
      <caption webpage="index" alt=""/>
      <caption webpage="index" alt=""/>
    </file>
    <file name="homepage4 for muse-图层 29c.png" crc="124758331" seo="true" ref="index">
      <caption webpage="index" alt=""/>
      <caption webpage="index" alt=""/>
      <caption webpage="index" alt=""/>
      <caption webpage="index" alt=""/>
    </file>
    <file name="homepage4 for muse-p- 248.340.3632 e- sales@rtresponse.com 100 west big beaver rd.c.png" crc="4069141332" seo="true" ref="index">
      <caption webpage="index" alt=""/>
      <caption webpage="index" alt=""/>
      <caption webpage="index" alt=""/>
      <caption webpage="index" alt=""/>
    </file>
    <file name="homepage4 for muse-channel partner program leadership innovation council (lic) inc.png" crc="3758870399" seo="true" ref="index">
      <caption webpage="index" alt=""/>
      <caption webpage="index" alt=""/>
      <caption webpage="index" alt=""/>
      <caption webpage="index" alt=""/>
    </file>
    <file name="homepage4 for muse-new application development information integration services coc.png" crc="216021330" seo="true" ref="index">
      <caption webpage="index" alt=""/>
      <caption webpage="index" alt=""/>
      <caption webpage="index" alt=""/>
      <caption webpage="index" alt=""/>
    </file>
    <file name="homepage4 for muse-business-finance student support services human resources generc.png" crc="322950822" seo="true" ref="index">
      <caption webpage="index" alt=""/>
      <caption webpage="index" alt=""/>
      <caption webpage="index" alt=""/>
      <caption webpage="index" alt=""/>
    </file>
    <file name="homepage4 for muse-bottom2c.png" crc="4061799720" seo="true" ref="index">
      <caption webpage="index" alt=""/>
      <caption webpage="index" alt=""/>
      <caption webpage="index" alt=""/>
      <caption webpage="index" alt=""/>
    </file>
    <file name="homepage4 for muse-powered by right rresponse llc 2003 - 2017 all rights reserved c.png" crc="4138899659" seo="true" ref="index">
      <caption webpage="index" alt=""/>
      <caption webpage="index" alt=""/>
      <caption webpage="index" alt=""/>
      <caption webpage="index" alt=""/>
    </file>
    <file name="blank.gif" crc="4208392903" ref="index:student-support-services"/>
    <file name="u3643-4.png" crc="4073858832" ref="index"/>
    <file name="u4387-4-a.png" crc="80602719" ref="index"/>
    <file name="u4378.png" crc="89455817" ref="index"/>
    <file name="u4378-r.png" crc="453765624" ref="index"/>
    <file name="u4378-m.png" crc="4006707027" ref="index"/>
    <file name="u4378-a.png" crc="89455817" ref="index"/>
    <file name="u4438.png" crc="45542479" ref="index"/>
    <file name="u4438-r.png" crc="472532434" ref="index"/>
    <file name="u4438-m.png" crc="3902796022" ref="index"/>
    <file name="u4438-a.png" crc="45542479" ref="index"/>
    <file name="u4590.png" crc="390544283" ref="index"/>
    <file name="u4590-r.png" crc="4167926826" ref="index"/>
    <file name="u4590-m.png" crc="4048089422" ref="index"/>
    <file name="u4590-a.png" crc="390544283" ref="index"/>
    <file name="u4646.png" crc="366061305" ref="index"/>
    <file name="u4646-r.png" crc="390023156" ref="index"/>
    <file name="u4646-m.png" crc="3910797223" ref="index"/>
    <file name="u4646-a.png" crc="366061305" ref="index"/>
    <file name="u4701.png" crc="499888211" ref="index"/>
    <file name="u4701-r.png" crc="3850615288" ref="index"/>
    <file name="u4701-m.png" crc="27575902" ref="index"/>
    <file name="u4701-a.png" crc="499888211" ref="index"/>
    <file name="u5097-4.png" crc="4139982506" ref="index"/>
    <file name="u5122-4.png" crc="4050058895" ref="index"/>
    <file name="u5159-4.png" crc="4221708109" ref="index"/>
    <file name="u5195-4.png" crc="161792126" ref="index"/>
    <file name="u5231-4.png" crc="4061351216" ref="index"/>
    <file name="u5263-4.png" crc="3837658218" ref="index"/>
    <file name="u5297-4.png" crc="3809034125" ref="index"/>
    <file name="u5395-4.png" crc="3883764667" ref="index"/>
    <file name="u5446-4.png" crc="4237608122" ref="index"/>
    <file name="u5495-4.png" crc="4221042583" ref="index"/>
    <file name="u5549-4.png" crc="3870452415" ref="index"/>
    <file name="u5600-4.png" crc="227794044" ref="index"/>
    <file name="u5649-4.png" crc="111746030" ref="index"/>
    <file name="u1727-42.png" crc="3893413471" ref="index"/>
    <file name="u1734-62.png" crc="4032363376" ref="index"/>
    <file name="u3643-42.png" crc="3759971930" ref="index"/>
    <file name="u4387-4-a2.png" crc="388757662" ref="index"/>
    <file name="u43782.png" crc="389787152" ref="index"/>
    <file name="u4378-r2.png" crc="422611429" ref="index"/>
    <file name="u4378-m2.png" crc="4106265123" ref="index"/>
    <file name="u4378-a2.png" crc="389787152" ref="index"/>
    <file name="u5097-42.png" crc="4139982506" ref="index"/>
    <file name="u5122-42.png" crc="4050058895" ref="index"/>
    <file name="u5159-42.png" crc="4221708109" ref="index"/>
    <file name="u5195-42.png" crc="161792126" ref="index"/>
    <file name="u5231-42.png" crc="4061351216" ref="index"/>
    <file name="u5263-42.png" crc="3837658218" ref="index"/>
    <file name="u5297-42.png" crc="3809034125" ref="index"/>
    <file name="u44382.png" crc="250568286" ref="index"/>
    <file name="u4438-r2.png" crc="250602414" ref="index"/>
    <file name="u4438-m2.png" crc="33843181" ref="index"/>
    <file name="u4438-a2.png" crc="250568286" ref="index"/>
    <file name="u5395-42.png" crc="3883764667" ref="index"/>
    <file name="u5446-42.png" crc="4237608122" ref="index"/>
    <file name="u5495-42.png" crc="4221042583" ref="index"/>
    <file name="u45902.png" crc="286337369" ref="index"/>
    <file name="u4590-r2.png" crc="169163286" ref="index"/>
    <file name="u4590-m2.png" crc="412030224" ref="index"/>
    <file name="u4590-a2.png" crc="286337369" ref="index"/>
    <file name="u5549-42.png" crc="3870452415" ref="index"/>
    <file name="u5600-42.png" crc="227794044" ref="index"/>
    <file name="u5649-42.png" crc="111746030" ref="index"/>
    <file name="u46462.png" crc="328762528" ref="index"/>
    <file name="u4646-r2.png" crc="3928046897" ref="index"/>
    <file name="u4646-m2.png" crc="360124601" ref="index"/>
    <file name="u4646-a2.png" crc="328762528" ref="index"/>
    <file name="u47012.png" crc="46110273" ref="index"/>
    <file name="u4701-r2.png" crc="520554850" ref="index"/>
    <file name="u4701-m2.png" crc="4145194255" ref="index"/>
    <file name="u4701-a2.png" crc="46110273" ref="index"/>
    <file name="homepage4 for muse-矩形 2 拷贝 2c1366x666.png" crc="4251948645" seo="true" ref="index">
      <caption webpage="index" alt=""/>
    </file>
    <file name="homepage4 for muse-picturec616x444.png" crc="4281792310" seo="true" ref="index">
      <caption webpage="index" alt=""/>
    </file>
    <file name="u1727-43.png" crc="132760904" ref="index"/>
    <file name="u1734-63.png" crc="4123866644" ref="index"/>
    <file name="u3643-43.png" crc="73648182" ref="index"/>
    <file name="u4387-4-a3.png" crc="442447484" ref="index"/>
    <file name="u43783.png" crc="86886504" ref="index"/>
    <file name="u4378-r3.png" crc="4247856931" ref="index"/>
    <file name="u4378-m3.png" crc="3859287427" ref="index"/>
    <file name="u4378-a3.png" crc="86886504" ref="index"/>
    <file name="u5097-43.png" crc="4139982506" ref="index"/>
    <file name="u5122-43.png" crc="4050058895" ref="index"/>
    <file name="u5159-43.png" crc="4221708109" ref="index"/>
    <file name="u5195-43.png" crc="161792126" ref="index"/>
    <file name="u5231-43.png" crc="4061351216" ref="index"/>
    <file name="u5263-43.png" crc="3837658218" ref="index"/>
    <file name="u5297-43.png" crc="3809034125" ref="index"/>
    <file name="u44383.png" crc="238902733" ref="index"/>
    <file name="u4438-r3.png" crc="89387936" ref="index"/>
    <file name="u4438-m3.png" crc="482581885" ref="index"/>
    <file name="u4438-a3.png" crc="238902733" ref="index"/>
    <file name="u5395-43.png" crc="3883764667" ref="index"/>
    <file name="u5446-43.png" crc="4237608122" ref="index"/>
    <file name="u5495-43.png" crc="4221042583" ref="index"/>
    <file name="u45903.png" crc="3884212844" ref="index"/>
    <file name="u4590-r3.png" crc="4209800681" ref="index"/>
    <file name="u4590-m3.png" crc="75030696" ref="index"/>
    <file name="u4590-a3.png" crc="3884212844" ref="index"/>
    <file name="u5549-43.png" crc="3870452415" ref="index"/>
    <file name="u5600-43.png" crc="227794044" ref="index"/>
    <file name="u5649-43.png" crc="111746030" ref="index"/>
    <file name="u46463.png" crc="3864272036" ref="index"/>
    <file name="u4646-r3.png" crc="295715450" ref="index"/>
    <file name="u4646-m3.png" crc="4066551999" ref="index"/>
    <file name="u4646-a3.png" crc="3864272036" ref="index"/>
    <file name="u47013.png" crc="3850375709" ref="index"/>
    <file name="u4701-r3.png" crc="4160007272" ref="index"/>
    <file name="u4701-m3.png" crc="362852383" ref="index"/>
    <file name="u4701-a3.png" crc="3850375709" ref="index"/>
    <file name="homepage4 for muse-矩形 2 拷贝 2c900x439.png" crc="99927297" seo="true" ref="index">
      <caption webpage="index" alt=""/>
    </file>
    <file name="homepage4 for muse-picturec406x293.png" crc="77990317" seo="true" ref="index">
      <caption webpage="index" alt=""/>
    </file>
    <file name="u1727-44.png" crc="3919191889" ref="index"/>
    <file name="u1734-64.png" crc="4086307943" ref="index"/>
    <file name="u3643-44.png" crc="461547559" ref="index"/>
    <file name="u4387-4-a4.png" crc="3814788155" ref="index"/>
    <file name="u43784.png" crc="19477189" ref="index"/>
    <file name="u4378-r4.png" crc="3950295359" ref="index"/>
    <file name="u4378-m4.png" crc="524143218" ref="index"/>
    <file name="u4378-a4.png" crc="19477189" ref="index"/>
    <file name="u5097-44.png" crc="4139982506" ref="index"/>
    <file name="u5122-44.png" crc="4050058895" ref="index"/>
    <file name="u5159-44.png" crc="4221708109" ref="index"/>
    <file name="u5195-44.png" crc="161792126" ref="index"/>
    <file name="u5231-44.png" crc="4061351216" ref="index"/>
    <file name="u5263-44.png" crc="3837658218" ref="index"/>
    <file name="u5297-44.png" crc="3809034125" ref="index"/>
    <file name="u44384.png" crc="291642593" ref="index"/>
    <file name="u4438-r4.png" crc="498444998" ref="index"/>
    <file name="u4438-m4.png" crc="4176483680" ref="index"/>
    <file name="u4438-a4.png" crc="291642593" ref="index"/>
    <file name="u5395-44.png" crc="3883764667" ref="index"/>
    <file name="u5446-44.png" crc="4237608122" ref="index"/>
    <file name="u5495-44.png" crc="4221042583" ref="index"/>
    <file name="u45904.png" crc="4218010974" ref="index"/>
    <file name="u4590-r4.png" crc="4099775788" ref="index"/>
    <file name="u4590-m4.png" crc="4148255889" ref="index"/>
    <file name="u4590-a4.png" crc="4218010974" ref="index"/>
    <file name="u5549-44.png" crc="3870452415" ref="index"/>
    <file name="u5600-44.png" crc="227794044" ref="index"/>
    <file name="u5649-44.png" crc="111746030" ref="index"/>
    <file name="u46464.png" crc="4261730515" ref="index"/>
    <file name="u4646-r4.png" crc="407552474" ref="index"/>
    <file name="u4646-m4.png" crc="3943228690" ref="index"/>
    <file name="u4646-a4.png" crc="4261730515" ref="index"/>
    <file name="u47014.png" crc="61818219" ref="index"/>
    <file name="u4701-r4.png" crc="167282781" ref="index"/>
    <file name="u4701-m4.png" crc="467394596" ref="index"/>
    <file name="u4701-a4.png" crc="61818219" ref="index"/>
    <file name="homepage4 for muse.jpg" crc="513053960" seo="true" ref="index">
      <caption webpage="index" alt=""/>
      <caption webpage="index" alt=""/>
      <caption webpage="index" alt=""/>
      <caption webpage="index" alt=""/>
    </file>
    <file name="homepage4 for muse2.jpg" crc="41018905" seo="true" ref="index">
      <caption webpage="index" alt=""/>
      <caption webpage="index" alt=""/>
      <caption webpage="index" alt=""/>
      <caption webpage="index" alt=""/>
    </file>
    <file name="homepage4 for muse3.jpg" crc="171677140" seo="true" ref="index">
      <caption webpage="index" alt=""/>
      <caption webpage="index" alt=""/>
      <caption webpage="index" alt=""/>
      <caption webpage="index" alt=""/>
    </file>
    <file name="homepage4 for muse-图层 34c1366x242.jpg" crc="97099695" seo="true" ref="index">
      <caption webpage="index" alt=""/>
      <caption webpage="index" alt=""/>
    </file>
    <file name="homepage4 for muse-矩形 1 拷贝 9c1366x436.png" crc="505380028" seo="true" ref="index">
      <caption webpage="index" alt=""/>
      <caption webpage="index" alt=""/>
    </file>
    <file name="banner3.jpg" crc="99835911" seo="true" ref="student-support-services">
      <caption webpage="student-support-services" alt=""/>
    </file>
    <file name="banner2.jpg" crc="3846960046" seo="true" ref="student-support-services">
      <caption webpage="student-support-services" alt=""/>
    </file>
    <file name="banner_background.jpg" crc="114017277" seo="true" ref="student-support-services">
      <caption webpage="student-support-services" alt=""/>
    </file>
    <file name="loading.gif" crc="3815509949" ref="student-support-services"/>
  </folder>
  <file name="index.html" crc="3847863464" seo="true" mt="1586942950828" redirect="true"/>
  <file name="solustions.html" crc="524781659" seo="true" mt="1586518957886" redirect="true"/>
  <file name="services.html" crc="285541607" seo="true" mt="1586518957886" redirect="true"/>
  <file name="programs.html" crc="256819106" seo="true" mt="1586518957886" redirect="true"/>
  <file name="partners.html" crc="4263513024" seo="true" mt="1586518957886" redirect="true"/>
  <file name="contact-us.html" crc="4272359788" seo="true" mt="1586518957886" redirect="true"/>
  <file name="businessfinance.html" crc="4123613834" seo="true" mt="1586518957886" redirect="true"/>
  <file name="student-support-services.html" crc="3799417156" seo="true" mt="1586937929324" redirect="true"/>
  <file name="human-resources.html" crc="28474795" seo="true" mt="1586518957886" redirect="false"/>
  <file name="general-operations.html" crc="460542668" seo="true" mt="1586518957886" redirect="false"/>
  <file name="it.html" crc="97587355" seo="true" mt="1586518957886" redirect="false"/>
  <file name="school-site-operations.html" crc="3825491164" seo="true" mt="1586518957886" redirect="false"/>
  <file name="project-management.html" crc="4277586527" seo="true" mt="1586518957886" redirect="false"/>
  <file name="new-application-development.html" crc="84116369" seo="true" mt="1586518957886" redirect="false"/>
  <file name="information-integration-services.html" crc="9124989" seo="true" mt="1586518957886" redirect="false"/>
  <file name="consultation-for-change-management---process-improvement.html" crc="369677652" seo="true" mt="1586518957886" redirect="false"/>
  <file name="channel-partner-program.html" crc="269415573" seo="true" mt="1586518957886" redirect="false"/>
  <file name="leadership-innovation-council-(lic).html" crc="4123864205" seo="true" mt="1586518957886" redirect="false"/>
  <file name="innovation-sharing-payback-program-(ispp).html" crc="4206911475" seo="true" mt="1586518957886" redirect="false"/>
</manifest>